"","acousticness","danceability","duration","energy","instrumentalness","key","liveness","loudness","mode","speechiness","tempo","time_signature","valence"
"now & forever",0.132202,0.574686,281.32,0.514849,0.0,6,0.101683,-7.325,1,0.032397,107.945,4,0.103931
"if you want blood (you've got it)",0.030052,0.485279,274.26667,0.93441,0.145195,9,0.386634,-4.001,1,0.116222,141.211,4,0.544962
"give life back to music",0.001249,0.783681,273.52,0.644524,0.627169,9,0.099298,-10.161,0,0.033911,119.027,4,0.651852
"clocks",0.116102,0.598573,250.57288,0.689801,0.000158,5,0.145379,-8.97,0,0.027561,130.979,4,0.244728
"6pm in new york",0.092876,0.49006,283.30667,0.842069,0.0,5,0.155906,-4.178,1,0.332873,90.448,4,0.336236
"lose yourself to dance",0.083912,0.831731,353.89333,0.658752,0.001138,10,0.075266,-7.828,0,0.056973,100.163,4,0.662521
"touch",0.484392,0.361736,498.95955,0.413973,0.11543,6,0.077982,-12.707,0,0.043283,116.148,4,0.112575
"yes",0.018916,0.144873,419.97016,0.580224,0.558619,11,0.100524,-14.401,1,0.049332,81.06,4,0.203143
"don't let it break your heart",0.00056,0.419315,234.10621,0.76301,0.106485,8,0.170687,-7.956,0,0.043373,140.02,4,0.154261
"the game of love",0.824588,0.714495,322.14621,0.501214,0.330193,9,0.106739,-11.968,0,0.033208,90.038,4,0.679588
"jolene",0.351417,0.629546,260.25288,0.565256,4e-06,6,0.116634,-5.829,1,0.025365,131.851,4,0.304908
"sparks",0.724373,0.364816,227.09288,0.269192,0.071248,1,0.102683,-10.515,1,0.027741,100.251,4,0.170314
"fix you",0.161139,0.213758,294.14667,0.413663,0.001742,3,0.111707,-8.384,1,0.030691,140.246,4,0.115842
"in my place",0.056514,0.425209,226.68,0.586811,5e-06,9,0.297864,-5.453,1,0.027766,144.642,4,0.198112
"speed of sound",0.004199,0.489943,261.98621,0.902161,0.009865,11,0.123313,-5.737,0,0.059018,123.091,4,0.33606
"up with the birds",0.687418,0.338441,225.65265,0.487379,0.002923,2,0.357245,-7.882,1,0.03381,120.058,4,0.117377
"yellow",0.002399,0.426429,269.82667,0.644889,0.00012,11,0.265384,-7.982,1,0.028108,173.385,4,0.314355
"trouble",0.225145,0.559829,270.86667,0.492474,0.001853,11,0.190935,-8.543,0,0.030129,139.789,4,0.177613
"mylo xyloto",0.434426,0.181286,42.10649,0.367953,0.924612,10,0.217333,-12.757,1,0.035412,88.948,3,0.227421
"death and all his friends",0.698082,0.21943,378.85778,0.30387,0.718698,8,0.166952,-10.577,1,0.03138,129.381,4,0.082658
"green eyes",0.599547,0.608331,223.03955,0.403566,9e-06,9,0.228458,-8.642,1,0.026327,129.543,4,0.223563
"what if",0.321027,0.3151,298.51932,0.502129,0.002615,6,0.138343,-6.702,0,0.034744,136.87,4,0.182456
"god put a smile upon your face",0.175639,0.611523,297.30621,0.554872,9.3e-05,9,0.037956,-5.752,1,0.028584,126.541,4,0.235015
"preach",0.204085,0.581765,236.97333,0.500241,9.2e-05,2,0.104312,-8.024,1,0.430187,129.965,4,0.404274
"lovers in japan",5e-06,0.402376,237.23955,0.839458,0.074951,7,0.298745,-8.399,1,0.042868,110.283,4,0.337889
"motherboard",0.512481,0.544051,341.65288,0.701154,0.926978,4,0.105764,-14.953,0,0.036233,102.996,4,0.292781
"energy",0.380387,0.747964,181.93333,0.571188,0.0,11,0.534015,-7.916,1,0.478189,172.105,4,0.551827
"white shadows",0.005505,0.490546,328.21937,0.788892,0.050292,8,0.094888,-8.998,0,0.048454,127.44,4,0.267062
"daylight",0.011776,0.456698,327.79955,0.567009,0.567606,11,0.083923,-6.199,1,0.03005,132.75,4,0.214887
"twisted logic",0.026316,0.318835,271.85995,0.460615,0.077321,8,0.313655,-6.889,1,0.030445,79.898,3,0.054299
"walk all over you",0.007947,0.233158,310.0,0.86945,0.021637,9,0.250906,-4.652,1,0.064642,162.021,4,0.405531
"a whisper",0.593375,0.275731,238.33288,0.795769,0.267301,0,0.226137,-5.657,1,0.038269,176.99,3,0.259261
"beyond",0.40935,0.605969,290.23955,0.649625,0.493076,1,0.370474,-11.375,0,0.035244,104.001,4,0.781628
"a rush of blood to the head",0.175985,0.526884,349.97288,0.496175,5e-06,5,0.211875,-7.201,1,0.024307,138.443,4,0.129204
"used to",0.070276,0.925817,268.48,0.426676,0.00033,10,0.081794,-7.584,0,0.106752,96.023,4,0.312572
"night prowler",0.023676,0.250072,387.96,0.729737,0.013407,6,0.181237,-5.002,1,0.062434,197.194,3,0.467587
"touch too much",0.037274,0.524671,266.26667,0.906511,3.6e-05,7,0.309284,-4.301,1,0.096273,123.102,4,0.59679
"chicken fried",0.009024,0.422616,191.81669,0.960202,0.000933,6,0.788532,-5.44,1,0.111858,86.941,4,0.633768
"paradise",0.849851,0.383248,17.87891,0.099453,0.948798,2,0.311779,-17.284,0,0.040946,139.551,3,0.490298
"fragments of time",0.046974,0.808,279.77288,0.502212,0.122868,0,0.090705,-9.786,1,0.043113,130.127,4,0.960165
"a hopeful transmission",0.104206,0.443062,32.99955,0.253622,0.792451,11,0.799923,-20.358,1,0.034942,116.941,4,0.635192
"toes",0.754143,0.791686,261.34667,0.722872,0.0,11,0.092914,-5.869,1,0.03823,129.999,4,0.804808
"m.m.i.x",0.946972,0.258074,48.46608,0.062582,0.862068,2,0.09736,-29.446,1,0.051022,126.354,3,0.163593
"no tellin'",0.535401,0.82715,310.93333,0.476842,1e-06,7,0.136275,-10.408,0,0.274552,95.03,4,0.563376
"6 man",0.232414,0.7729,167.65333,0.539711,0.0,8,0.113728,-9.268,1,0.401083,158.109,4,0.320095
"get it hot",0.000514,0.647867,154.50667,0.831697,0.56437,3,0.09512,-4.635,1,0.032937,129.854,4,0.836301
"viva la vida",0.064005,0.480452,114.6771,0.743098,0.000248,5,0.269077,-6.233,0,0.036523,137.985,4,0.473835
"free",0.341069,0.585712,225.91955,0.492529,0.000788,1,0.107875,-6.083,1,0.030259,151.728,4,0.219733
"spies",0.021756,0.309953,317.78621,0.589506,6.5e-05,1,0.063155,-8.074,0,0.031943,146.796,4,0.079342
"you & the 6",0.153441,0.558907,264.90667,0.492822,0.0,7,0.131625,-7.467,0,0.296423,154.182,4,0.214722
"shot down in flames",4.4e-05,0.354566,215.51955,0.924679,0.000773,2,0.713124,-8.041,1,0.043987,137.694,4,0.530175
"giorgio by moroder",0.070741,0.777437,544.62621,0.678777,0.548973,9,0.380061,-10.471,0,0.048377,113.177,4,0.407322
"legend",0.023998,0.714589,241.85333,0.560736,0.0,1,0.076873,-7.605,1,0.072121,100.076,4,0.328866
"know yourself",0.196141,0.732563,275.84,0.411777,0.0,11,0.341626,-8.687,0,0.224585,114.413,4,0.182181
"highway 20 ride",0.169173,0.456385,255.09288,0.448427,5.9e-05,3,0.904461,-8.667,1,0.031886,139.329,4,0.327087
"x & y",0.605697,0.318763,264.28036,0.283794,0.060746,6,0.308287,-17.881,0,0.030513,76.695,4,0.113554
"wednesday night interlude",0.728565,0.320746,212.28,0.465895,8e-06,9,0.21497,-8.163,0,0.051249,135.089,4,0.188368
"warning sign",0.107928,0.540438,331.13288,0.428981,0.013964,3,0.139404,-9.45,1,0.027629,140.623,4,0.039343
"don't panic",0.042401,0.618842,158.42621,0.589121,0.450578,0,0.108278,-10.083,1,0.049279,118.021,4,0.411278
"charlie brown",0.000139,0.574921,403.94621,0.774058,0.799306,7,0.491656,-4.429,0,0.032356,130.01,4,0.355146
"get lucky",0.049179,0.795272,248.41288,0.806571,1e-06,6,0.085248,-9.011,0,0.038714,116.048,4,0.862216
"within",0.898146,0.706337,227.21456,0.312447,0.385853,10,0.116994,-14.173,0,0.030487,110.054,4,0.065364
"amsterdam",0.856227,0.265734,302.49751,0.043976,0.069936,3,0.106017,-20.575,1,0.031065,74.357,4,0.078773
"love hungry man",0.001898,0.510409,257.17333,0.837984,0.068442,1,0.239918,-5.026,1,0.051883,120.184,4,0.546651
"highway to hell",0.006074,0.33617,284.32757,0.971981,7e-06,1,0.946645,-6.849,1,0.120259,124.615,4,0.283828
"cemeteries of london",0.005302,0.495974,201.10621,0.816949,0.013268,10,0.095737,-7.704,0,0.034472,109.122,3,0.265917
"we never change",0.534244,0.434472,249.39955,0.284227,0.000178,6,0.106238,-10.806,0,0.029513,136.959,3,0.119134
"shiver",0.045458,0.451,304.25061,0.80944,0.0,4,0.095526,-6.26,1,0.045617,116.835,3,0.322395
"low",0.02246,0.466649,332.10444,0.88209,0.024654,4,0.345022,-8.958,0,0.044441,132.088,4,0.504535
"mary",0.174182,0.635438,167.99955,0.947396,4.2e-05,4,0.178165,-5.881,1,0.045901,144.984,4,0.804661
"violet hill",0.057112,0.331783,221.30667,0.586735,0.001619,1,0.086448,-7.905,0,0.036233,76.051,4,0.122883
"company",0.037303,0.654115,252.64,0.545024,0.0,7,0.164683,-8.227,1,0.056536,107.499,4,0.116264
"the hardest part",0.024756,0.494276,262.87955,0.842193,0.005818,10,0.454702,-5.889,1,0.03708,123.683,4,0.428724
"a message",0.344027,0.565546,285.34476,0.457214,0.000317,1,0.203529,-9.506,1,0.028938,116.92,4,0.157426
"swallowed in the sea",0.057445,0.294618,239.00132,0.377088,3e-06,11,0.119334,-10.819,1,0.03138,142.121,4,0.153602
"major minus",0.000242,0.445027,210.34621,0.678485,0.619322,4,0.526577,-5.302,0,0.03176,115.099,4,0.399715
"instant crush",0.199343,0.760005,326.922,0.3223,0.653101,10,0.113028,-20.358,0,0.030886,109.98,4,0.629611
"doin' it right",0.388127,0.804117,251.29333,0.45105,2.2e-05,6,0.09241,-8.207,1,0.094904,178.061,4,0.201388
"strawberry swing",0.003913,0.276623,220.85288,0.679616,0.832621,1,0.330906,-9.127,1,0.042215,115.307,5,0.486255
"princess of china",0.003847,0.425117,239.2156,0.690255,0.015351,0,0.287263,-6.221,1,0.035115,84.99,4,0.238316
"parachutes",0.863455,0.545397,46.19955,0.085059,2e-06,4,0.139072,-18.347,1,0.052713,136.273,4,0.404362
"it's not ok",0.006922,0.502934,249.73288,0.973577,0.000105,6,0.75108,-6.257,1,0.054496,141.899,4,0.665032
"different kind of fine",0.15008,0.651158,197.54621,0.788146,1e-06,11,0.13371,-4.384,1,0.037704,95.585,4,0.767978
"politik",0.03517,0.264133,318.62621,0.481102,0.000214,5,0.109821,-7.754,0,0.029459,170.953,4,0.063551
"lost!",0.95206,0.484035,222.05673,0.302817,0.003153,7,0.111251,-11.91,1,0.026104,80.634,4,0.263534
"life in technicolor",0.009231,0.284449,149.13288,0.670751,0.950121,9,0.503558,-10.44,1,0.034222,131.055,4,0.229141
"hurts like heaven",0.00974,0.313859,242.25279,0.770856,0.009632,10,0.263682,-6.207,1,0.035973,180.008,4,0.251961
"where the boat leaves from",0.362688,0.755177,222.53288,0.796,1e-06,1,0.0489,-5.115,1,0.039198,91.996,4,0.832725
"beating around the bush",0.001029,0.476104,235.70667,0.891014,0.103433,1,0.170129,-5.733,0,0.101984,115.755,4,0.482163
"madonna",0.014887,0.904757,177.84,0.505916,3.6e-05,2,0.370688,-8.598,1,0.058797,110.017,4,0.129172
"the scientist",0.711393,0.567821,309.16,0.36147,1.5e-05,5,0.110629,-10.599,1,0.024319,146.387,4,0.227419
"up in flames",0.286783,0.640943,193.23955,0.25405,0.016116,10,0.105476,-11.107,1,0.030394,75.998,4,0.309267
"10 bands",0.262456,0.825159,177.73333,0.75672,2e-06,11,0.076224,-3.687,0,0.383758,172.938,4,0.893315
"42",0.219145,0.309663,237.39955,0.621303,0.004634,5,0.102251,-7.254,0,0.033869,141.7,4,0.170347
"everything's not lost",0.122165,0.37266,418.53342,0.193936,0.000206,6,0.119054,-18.308,0,0.031453,135.647,4,0.11353
"girls got rhythm",0.051372,0.511429,203.29333,0.978071,0.000999,4,0.358457,-4.27,0,0.153576,137.792,4,0.540899
"us against the world",0.830368,0.488466,239.76662,0.301805,1.8e-05,0,0.073598,-11.124,1,0.027901,112.538,3,0.188946
"whatever it is",0.422272,0.647482,208.34667,0.581968,2.2e-05,1,0.106207,-6.662,1,0.028178,83.893,4,0.721571
"square one",0.006476,0.444989,287.6342,0.678578,0.001733,0,0.163368,-6.888,0,0.031948,124.224,4,0.065861
"sic 'em on a chicken",0.061576,0.771936,231.87955,0.934103,0.000129,5,0.074648,-5.488,0,0.037201,113.049,4,0.73981
"high speed",0.410687,0.533472,256.51039,0.522398,0.008576,7,0.095877,-9.371,0,0.028718,77.278,4,0.2448
"6 god",0.011506,0.881455,144.71837,0.708047,0.0,2,0.274979,-6.518,1,0.184815,105.428,4,0.515497
"star67",0.747083,0.477637,294.97333,0.395349,5e-06,3,0.263781,-7.917,1,0.213122,74.515,3,0.190911
"contact",0.002974,0.280927,383.62621,0.785838,0.728973,11,0.069195,-8.437,0,0.055575,123.603,4,0.087815
"til kingdom come",0.586272,0.607582,250.66766,0.395842,0.015986,0,0.330055,-9.601,1,0.028321,115.067,4,0.263415
"jungle",0.618238,0.689605,320.4,0.235213,0.000144,7,0.107109,-8.651,1,0.054141,99.906,4,0.38589
"every teardrop is a waterfall",0.002282,0.299836,243.61333,0.753832,0.078268,9,0.1124,-8.232,1,0.043105,118.622,4,0.300138
"u.f.o",0.715585,0.306889,137.81941,0.389806,0.017358,7,0.336825,-11.834,1,0.036056,116.741,4,0.211651
"talk",0.002412,0.418408,265.58621,0.714372,0.001565,7,0.265054,-5.713,0,0.03305,120.336,4,0.192571
